Name,Homepage
"010-editor","https://www.sweetscape.com/"
"1password-cli","https://developer.1password.com/docs/cli"
"1password","https://1password.com/"
"4k-image-compressor","https://www.4kdownload.com/products/imagecompressor"
"4k-stogram","https://www.4kdownload.com/products/product-stogram"
"4k-tokkit","https://www.4kdownload.com/products/tokkit/17"
"4k-video-downloader+","https://www.4kdownload.com/products/videodownloader"
"4k-youtube-to-mp3","https://www.4kdownload.com/products/youtubetomp3/1"
"a-better-finder-attributes","https://www.publicspace.net/ABetterFinderAttributes/"
"a-better-finder-rename","https://www.publicspace.net/ABetterFinderRename/"
"ableset","https://ableset.app/"
"ableton-live-intro","https://www.ableton.com/en/live/"
"ableton-live-lite","https://www.ableton.com/en/products/live-lite/"
"ableton-live-standard","https://www.ableton.com/en/live/"
"ableton-live-suite","https://www.ableton.com/en/live/"
"abstract","https://www.goabstract.com/"
"abyssoft-teleport","https://github.com/abyssoft/teleport"
"ace-studio","https://acestudio.ai/versions"
"acorn","https://flyingmeat.com/acorn/"
"acreom","https://acreom.com/"
"acronis-true-image-cleanup-tool","https://care.acronis.com/s/article/48668-Acronis-Cyber-Protect-Home-Office-Acronis-True-Image-Cleanup-Utility"
"acronis-true-image","https://www.acronis.com/products/true-image/"
"activedock","https://www.noteifyapp.com/activedock/"
"actual-odbc-pack","https://www.actualtech.com/products.php"
"adguard-vpn","https://adguard-vpn.com/"
"adguard","https://adguard.com/"
"adlock","https://adlock.com/"
"adobe-acrobat-pro","https://www.adobe.com/acrobat/pdf-reader.html"
"adobe-air","https://airsdk.harman.com/"
"adobe-connect","https://www.adobe.com/products/adobeconnect.html"
"adobe-creative-cloud","https://www.adobe.com/creativecloud.html"
"advanced-renamer","https://www.advancedrenamer.com/"
"affine","https://affine.pro/"
"after-dark-classic","https://en.infinisys.co.jp/product/afterdarkclassicset/index.shtml"
"agentkube","https://agentkube.com/"
"airbuddy","https://airbuddy.app/"
"aircall","https://aircall.io/"
"airflow","https://airflowapp.com/"
"airfoil","https://rogueamoeba.com/airfoil/mac/"
"airparrot","https://www.airsquirrels.com/airparrot/"
"airscroll","https://airscroll.net/"
"airtool","https://www.intuitibits.com/products/airtool/"
"akiflow","https://akiflow.com/"
"aks-desktop","https://github.com/Azure/aks-desktop"
"akuity","https://akuity.io/"
"alcove","https://tryalcove.com/"
"aldente","https://apphousekitchen.com/"
"alfaview","https://alfaview.com/"
"almighty","https://indiegoodies.com/almighty"
"aloha-browser","https://alohabrowser.com/"
"altar-ai","https://app.altar.inc/"
"amadine","https://amadine.com/"
"amazon-chime","https://chime.aws/"
"amie","https://amie.so/"
"ammonite","https://www.soma-zone.com/Ammonite/"
"anka-build-cloud-controller","https://veertu.com/"
"anka-build-cloud-registry","https://veertu.com/"
"anka-virtualization","https://veertu.com/"
"antinote","https://antinote.io/"
"anydesk","https://anydesk.com/"
"anydo","https://www.any.do/"
"anylist","https://www.anylistapp.com/"
"anypointstudio","https://www.mulesoft.com/platform/studio"
"ape","https://jorgensen.biology.utah.edu/wayned/ape/"
"app-cleaner","https://nektony.com/mac-app-cleaner"
"app-tamer","https://www.stclairsoft.com/AppTamer/"
"appgate-sdp-client","https://www.appgate.com/support/software-defined-perimeter-support"
"appgridmac","https://appgridmac.com/"
"appvolume","https://appvolume.app/"
"aptakube","https://aptakube.com/"
"aqua-voice","https://aquavoice.com/"
"aquaskk","https://github.com/codefirst/aquaskk"
"araxis-merge","https://www.araxis.com/merge/"
"archiver-app","https://archiverapp.com/"
"archivewebpage","https://archiveweb.page/"
"arctic","https://hedge.video/arctic"
"arq","https://www.arqbackup.com/"
"arturia-software-center","https://www.arturia.com/technology/asc"
"asana","https://asana.com/"
"astah-professional","https://astah.net/editions/professional"
"astah-uml","https://astah.net/products/astah-uml/"
"astropad-studio","https://astropad.com/"
"atemosc","https://atemosc.com/"
"atext","https://www.trankynam.com/atext/"
"atok","https://www.justsystems.com/jp/products/atokmac/"
"audio-hijack","https://rogueamoeba.com/audiohijack/"
"audio-modeling-software-center","https://audiomodeling.com/"
"audiobook-builder","https://www.splasm.com/audiobookbuilder/"
"audiogridder-plugin","https://audiogridder.com/"
"audiogridder-server","https://audiogridder.com/"
"audiorelay","https://www.audiorelay.net/"
"audirvana","https://audirvana.com/"
"audius","https://audius.co/"
"autodesk-fusion","https://www.autodesk.com/products/fusion-360/overview"
"automounterhelper","https://pixeleyes.co.nz/automounter/helper/"
"avast-security","https://www.avast.com/"
"avbeam","https://speechpulse.com/avbeam-software-store/avbeam/"
"avg-antivirus","https://www.avg.com/us-en/avg-antivirus-for-mac"
"aviatrix-vpn-client","https://docs.aviatrix.com/previous/documentation/latest/aviatrix-openvpn/download-vpn-client.html"
"avtouchbar","https://www.avtouchbar.com/"
"babeledit","https://www.codeandweb.com/babeledit"
"backblaze-downloader","https://www.backblaze.com/"
"backblaze-restore","https://backblaze.com/"
"backblaze","https://backblaze.com/"
"backdrop","https://cindori.com/backdrop"
"background-music","https://github.com/kyleneideck/BackgroundMusic"
"backuploupe","https://www.soma-zone.com/BackupLoupe/"
"badgeify","https://badgeify.app/"
"balsamiq-wireframes","https://balsamiq.com/"
"banana-cake-pop","https://chillicream.com/"
"batchoutput-pdf","https://zevrix.com/batchoutputpdf/"
"batfi","https://micropixels.software/batfi"
"batteries","https://www.fadel.io/batteries/"
"bazecor","https://dygma.com/pages/programmable-split-keyboard"
"bbedit","https://www.barebones.com/products/bbedit/"
"beersmith","https://beersmith.com/"
"bentobox","https://bentoboxapp.com/"
"berrycast","https://www.berrycast.com/"
"bespoke","https://www.bespokesynth.com/"
"betterdisplay","https://betterdisplay.pro/"
"bettermouse","https://better-mouse.com/"
"bettertouchtool","https://folivora.ai/"
"betterzip","https://macitbetter.com/"
"beyond-compare","https://www.scootersoftware.com/"
"bezel","https://getbezel.app/"
"bias-fx","https://www.positivegrid.com/products/bias-fx-2"
"big-mean-folder-machine","https://www.publicspace.net/BigMeanFolderMachine/"
"bike","https://www.hogbaysoftware.com/bike/"
"billings-pro","https://www.marketcircle.com/billingspro/"
"binary-ninja-free","https://binary.ninja/"
"bitfocus-buttons","https://bitfocus.io/buttons"
"bitrix24","https://www.bitrix24.com/apps/mobile-and-desktop-apps.php#desktop_app"
"bitwig-studio","https://www.bitwig.com/"
"black-ink","https://redsweater.com/blackink/"
"black-light","https://michelf.ca/projects/black-light/"
"blink1control","https://blink1.thingm.com/"
"blip","https://blip.net/"
"blisk","https://blisk.io/"
"blocs","https://blocsapp.com/"
"blood-on-the-clocktower-online","https://bloodontheclocktower.com/"
"bloom","https://bloomapp.club/"
"blueharvest","https://zeroonetwenty.com/blueharvest/"
"bluewallet","https://bluewallet.io/"
"bluos-controller","https://www.bluesound.com/"
"blurscreen","https://www.blurscreen.app/"
"bookends","https://www.sonnysoftware.com/bookends-for-mac"
"bookletcreator","https://www.bookletcreator.com/"
"bookmacster","https://sheepsystems.com/products/bookmacster.html"
"boom-3d","https://www.globaldelight.com/boom/"
"boom","https://www.globaldelight.com/boom2/"
"boosteroid","https://boosteroid.com/"
"bootstrap-studio","https://bootstrapstudio.io/"
"boss","https://www.risalabs.ai/"
"box-drive","https://www.box.com/drive"
"box-tools","https://www.box.com/resources/downloads"
"boxy-suite","https://www.boxysuite.com/"
"brainfm","https://www.brain.fm/download"
"bria","https://www.counterpath.com/bria-solo/"
"browser-actions","https://actions.work/browser-actions/"
"browser-deputy","https://anybox.ltd/browser-deputy"
"bruno","https://www.usebruno.com/"
"btp","https://tools.hana.ondemand.com/#cloud-cpcli"
"buckets","https://www.budgetwithbuckets.com/"
"bugdom","https://jorio.itch.io/bugdom"
"bugdom2","https://jorio.itch.io/bugdom2"
"burp-suite-professional","https://portswigger.net/burp/pro"
"burp-suite","https://portswigger.net/burp/"
"busycal","https://busymac.com/busycal/index.html"
"busycontacts","https://www.busymac.com/busycontacts/index.html"
"butler","https://manytricks.com/butler/"
"cacher","https://www.cacher.io/"
"cadran","https://cadranapp.com/"
"cahier","https://getcahier.com/"
"caido","https://caido.io/"
"caldigit-docking-utility","https://www.caldigit.com/"
"calendar-366","https://nspektor.com/calendar366/mac"
"calmly-writer","https://calmlywriter.com/"
"camerabag-photo","https://nevercenter.com/camerabag/photo/"
"camo-studio","https://reincubate.com/camo/"
"camtasia","https://www.techsmith.com/video-editor.html"
"camunda-modeler","https://camunda.com/"
"cap","https://cap.so/"
"captainplugins","https://mixedinkey.com/get-captain-epic/"
"captains-deck","https://captains-deck.com/"
"capto","https://www.globaldelight.com/capto/"
"carbon-copy-cloner","https://bombich.com/"
"cardhop","https://flexibits.com/cardhop"
"castr","https://castr.io/"
"ccleaner","https://www.ccleaner.com/ccleaner-mac"
"celestialteapot-runway","https://celestialteapot.com/runway/"
"charles","https://www.charlesproxy.com/"
"chatwise","https://chatwise.app/"
"chatwork","https://www.chatwork.com/"
"cheetah3d","https://www.cheetah3d.com/"
"chef-workstation","https://docs.chef.io/workstation/"
"chemdoodle","https://www.ichemlabs.com/"
"chitubox","https://www.chitubox.com/"
"choosy","https://choosy.app/"
"chordpotion","https://feelyoursound.com/chordpotion/"
"chronoagent","https://www.econtechnologies.com/"
"chronosync","https://www.econtechnologies.com/"
"cisco-jabber","https://www.webex.com/downloads/jabber.html"
"cisdem-data-recovery","https://www.cisdem.com/data-recovery-mac.html"
"cisdem-duplicate-finder","https://www.cisdem.com/duplicate-finder.html"
"citrix-workspace","https://docs.citrix.com/en-us/citrix-workspace"
"clamxav","https://www.clamxav.com/"
"cleanclip","https://cleanclip.cc/"
"cleaneronepro","https://cleanerone.trendmicro.com/"
"cleanshot","https://getcleanshot.com/"
"clearvpn","https://clearvpn.com/"
"clicker-for-netflix","https://www.dbklabs.com/clicker-for-netflix/"
"clicker-for-youtube","https://www.dbklabs.com/clicker-for-youtube/"
"clickup","https://clickup.com/"
"clion","https://www.jetbrains.com/clion/"
"clip-studio-paint","https://www.clipstudio.net/en"
"clipbook","https://clipbook.app/"
"clockify","https://clockify.me/mac-time-tracking"
"clop","https://lowtechguys.com/clop/"
"cloudash","https://cloudash.dev/"
"cloudmounter","https://mac.eltima.com/mount-cloud-drive.html"
"cloudpouch","https://cloudpouch.dev/"
"cloudup","https://cloudup.com/download"
"clover-chord-systems","https://clover-japon.com/en/"
"coconutbattery","https://www.coconut-flavour.com/coconutbattery/"
"codebolt","https://codebolt.ai/"
"codekit","https://codekitapp.com/"
"coderabbit","https://www.coderabbit.ai/cli"
"coderunner","https://coderunnerapp.com/"
"coherence-x","https://bzgapps.com/coherence"
"colorwell","https://colorwell.sweetpproductions.com/"
"combine-pdfs","https://www.monkeybreadsoftware.de/Software/CombinePDFs.shtml"
"command-tab-plus","https://noteifyapp.com/command-tab-plus/"
"commander-one","https://mac.eltima.com/file-manager.html"
"confluent-cli","https://docs.confluent.io/confluent-cli/current/overview.html"
"connect-fonts","https://www.extensis.com/products/connect"
"connectiq-sdk-manager","https://developer.garmin.com/connect-iq/sdk/"
"connectiq","https://developer.garmin.com/connect-iq/"
"contexts","https://contexts.co/"
"cookie","https://sweetpproductions.com/"
"copyclip","https://fiplab.com/apps/copyclip-for-mac"
"core-tunnel","https://codinn.com/tunnel/"
"coscreen","https://www.coscreen.co/"
"coterm","https://docs.datadoghq.com/coterm/"
"couchbase-server-enterprise","https://www.couchbase.com/"
"crashplan","https://www.crashplan.com/"
"creality-print","https://www.creality.com/pages/download-software"
"creative","https://support.creative.com/"
"crossover","https://www.codeweavers.com/products/crossover-mac/"
"crushftp","https://www.crushftp.com/"
"cryptomator","https://cryptomator.org/"
"crystaldiffract","https://crystalmaker.com/crystaldiffract/index.html"
"crystalmaker","https://crystalmaker.com/crystalmaker/index.html"
"crystalviewer","https://crystalmaker.com/crystalviewer/index.html"
"curio","https://zengobi.com/curio/"
"cursorsense","https://plentycom.jp/en/cursorsense/"
"cursr","https://cursr.app/"
"cyberghost-vpn","https://www.cyberghostvpn.com/"
"cycling74-max","https://cycling74.com/products/max"
"dana-dex","https://getdex.com/"
"dante-controller","https://www.getdante.com/products/software-essentials/dante-controller/"
"dante-via","https://www.getdante.com/products/software-essentials/dante-via/"
"dash","https://kapeli.com/dash"
"datadog-agent","https://www.datadoghq.com/"
"datadog-security-cli","https://www.datadoghq.com/"
"dataflare","https://dataflare.app/"
"datagraph","https://www.visualdatatools.com/DataGraph/"
"datagrip","https://www.jetbrains.com/datagrip/"
"dataspell","https://www.jetbrains.com/dataspell/"
"dbeaver-enterprise","https://dbeaver.com/dbeaver-enterprise/"
"dbeaverlite","https://dbeaver.com/dbeaver-lite/"
"dbeaverteam","https://dbeaver.com/dbeaver-team-edition"
"dbeaverultimate","https://dbeaver.com/dbeaver-ultimate/"
"dbschema","https://dbschema.com/"
"dbvisualizer","https://www.dbvis.com/"
"dbvr","https://dbeaver.com/dbvr/"
"dcommander","https://devstorm-apps.com/dcommander/"
"dda","https://github.com/DataDog/datadog-agent"
"ddpm","https://dell.com/"
"deckset","https://www.decksetapp.com/"
"deepl","https://www.deepl.com/"
"deezer","https://www.deezer.com/download"
"default-folder-x","https://www.stclairsoft.com/DefaultFolderX/"
"deltawalker","https://www.deltawalker.com/"
"descript","https://www.descript.com/"
"deskpad","https://github.com/Stengo/DeskPad"
"deskreen","https://deskreen.com/"
"desktime","https://desktime.com/"
"desktop-composer","https://www.apptorium.com/desktop-composer"
"desktoppr","https://github.com/scriptingosx/desktoppr"
"desktoputility","https://sweetpproductions.com/"
"devknife","https://devknife.app/"
"devutils","https://devutils.com/"
"dialpad","https://dialpad.com/download"
"dictionaries","https://dictionaries.io/"
"digiexam","https://www.digiexam.com/"
"direqual","https://naarakstudio.com/direqual/"
"disk-diet","https://www.tunabellysoftware.com/disk_diet/"
"disk-drill","https://www.cleverfiles.com/"
"disk-expert","https://nektony.com/disk-expert"
"diskcatalogmaker","https://diskcatalogmaker.com/"
"displaybuddy","https://displaybuddy.app/"
"displays","https://www.jibapps.com/apps/displays/"
"ditto","https://www.airsquirrels.com/ditto"
"djstudio","https://dj.studio/"
"djuced","https://www.djuced.com/"
"dmg-canvas","https://www.araelium.com/dmgcanvas"
"dnclient","https://www.defined.net/"
"dockx","https://dockx.app/"
"doppler-app","https://brushedtype.co/doppler/"
"dorico","https://www.steinberg.net/dorico/"
"dot","https://www.trydot.app/"
"downie","https://software.charliemonroe.net/downie.php"
"doxie","https://www.getdoxie.com/"
"drata-agent","https://drata.com/"
"draw-things","https://drawthings.ai/"
"drivedx","https://binaryfruit.com/drivedx"
"dropbox-dash","https://www.dropbox.com/dash"
"dropdmg","https://c-command.com/dropdmg/"
"droplr","https://droplr.com/"
"dropshare","https://dropshare.app/"
"dropshelf","https://pilotmoon.com/dropshelf/"
"dropzone","https://aptonic.com/"
"drovio","https://www.drovio.com/"
"duefocus","https://duefocus.com/"
"duplicacy-cli","https://duplicacy.com/"
"duplicacy-web-edition","https://duplicacy.com/"
"duplicate-annihilator-for-photos","https://brattoo.com/duplicateannihilator/"
"duplicate-file-finder","https://nektony.com/duplicate-finder-free"
"duplicateaudiofinder","https://speechpulse.com/avbeam-software-store/duplicateaudiofinder/"
"duplicati","https://duplicati.com/"
"dyad","https://dyad.sh/"
"dymo-connect","https://www.dymo.com/support?cfid=online-support"
"dynobase","https://dynobase.dev/"
"eagle","https://www.autodesk.com/products/eagle/overview"
"egnyte","https://www.egnyte.com/"
"eigent","https://www.eigent.ai/"
"elektron-overbridge","https://www.elektron.se/overbridge"
"element","https://element.io/get-started"
"elephas","https://elephas.app/"
"elgato-camera-hub","https://www.elgato.com/ww/en/s/downloads"
"elgato-capture-device-utility","https://www.elgato.com/ww/en/s/downloads"
"elgato-control-center","https://www.elgato.com/ww/en/s/downloads"
"elgato-stream-deck","https://www.elgato.com/ww/en/s/downloads"
"elgato-studio","https://www.elgato.com/ww/en/s/downloads"
"elgato-video-capture","https://www.elgato.com/ww/en/s/downloads"
"elgato-wave-link","https://www.elgato.com/ww/en/s/wave-link-app"
"elmedia-player","https://www.electronic.us/products/elmedia/"
"elpass","https://elpass.app/"
"emby","https://emby.media/"
"embyserver","https://emby.media/"
"emclient","https://www.emclient.com/"
"emmetapp","https://emmetapp.com/"
"endnote","https://endnote.com/"
"energiza","https://appgineers.de/energiza/"
"enfusegui","https://swipeware.com/applications/enfusegui/"
"engine-dj","https://enginedj.com/"
"enpass","https://www.enpass.io/"
"ente-auth","https://ente.io/auth/"
"ente","https://ente.io/"
"epoccam","https://www.elgato.com/ww/en/s/downloads"
"epson-print-layout","https://epson.com/epson-print-layout"
"eqmac","https://eqmac.app/"
"eset-cyber-security","https://www.eset.com/"
"espresso","https://espressoapp.com/"
"excire-foto","https://excire.com/en/excire-foto/"
"excire-search","https://excire.com/en/excire-search/"
"expandrive","https://www.expandrive.com/apps/expandrive/"
"expo-orbit","https://github.com/expo/orbit/"
"expressions","https://www.apptorium.com/expressions"
"expressvpn","https://www.expressvpn.works/"
"extradock","https://extradock.app/"
"f-bar","https://laravel-forge-menubar.com/"
"fabfilter-micro","https://www.fabfilter.com/products/micro-mini-filter-plug-in"
"fabfilter-one","https://www.fabfilter.com/products/one-basic-synthesizer-plug-in"
"fabfilter-pro-c","https://www.fabfilter.com/products/pro-c-2-compressor-plug-in"
"fabfilter-pro-ds","https://www.fabfilter.com/products/pro-ds-de-esser-plug-in"
"fabfilter-pro-g","https://www.fabfilter.com/products/pro-g-gate-expander-plug-in"
"fabfilter-pro-l","https://www.fabfilter.com/products/pro-l-2-limiter-plug-in"
"fabfilter-pro-mb","https://www.fabfilter.com/products/pro-mb-multiband-compressor-plug-in"
"fabfilter-pro-q","https://www.fabfilter.com/products/pro-q-3-equalizer-plug-in"
"fabfilter-pro-r","https://www.fabfilter.com/products/pro-r-2-reverb-plug-in"
"fabfilter-saturn","https://www.fabfilter.com/products/saturn-2-multiband-distortion-saturation-plug-in"
"fabfilter-simplon","https://www.fabfilter.com/products/simplon-basic-filter-plug-in"
"fabfilter-timeless","https://www.fabfilter.com/products/timeless-3-delay-plug-in"
"fabfilter-twin","https://www.fabfilter.com/products/twin-3-synthesizer-plug-in"
"fabfilter-volcano","https://www.fabfilter.com/products/volcano-3-filter-plug-in"
"fantastical","https://flexibits.com/fantastical"
"farrago","https://rogueamoeba.com/farrago/"
"fastmail","https://www.fastmail.com/"
"fastmarks","https://retina.studio/fastmarks/"
"fastrawviewer","https://www.fastrawviewer.com/"
"fastscripts","https://redsweater.com/fastscripts/"
"fathom","https://fathom.video/"
"favro","https://www.favro.com/"
"feed-the-beast","https://www.feed-the-beast.com/"
"fellow","https://fellow.app/"
"fetch-app","https://fetchsoftworks.com/fetch/"
"ff-works","https://www.ffworks.net/"
"fido2-manage","https://www.token2.swiss/site/page/fido2-1-security-key-management-tool-for-macos-user-guide"
"file-juicer","https://echoone.com/filejuicer/"
"filebot","https://www.filebot.net/"
"filefaker","https://filefaker.com/"
"filefillet","https://www.filefillet.com/"
"filemaker-pro","https://www.claris.com/filemaker/"
"finbar","https://roeybiran.com/apps/finbar/"
"find-any-file","https://findanyfile.app/"
"firezone","https://www.firezone.dev/"
"fission","https://rogueamoeba.com/fission/"
"fixkey","https://fixkey.ai/"
"flexoptix","https://www.flexoptix.net/en/flexoptix-app/#"
"flic","https://flic.io/applications/mac-app"
"flickr-uploadr","https://www.flickr.com/tools/"
"flixtools","https://www.flixtools.com/"
"flox","https://flox.dev/"
"flutterflow","https://flutterflow.io/"
"flyenv","https://www.macphpstudy.com/"
"fme","https://www.safe.com/"
"focus","https://heyfocus.com/"
"focusatwill","https://www.focusatwill.com/"
"focused","https://www.71squared.com/focused"
"focusrite-control-2","https://focusrite.com/software/focusrite-control-2"
"focusrite-control","https://focusrite.com/en"
"folder-colorizer","https://softorino.com/folder-colorizer-mac/"
"folder-preview-pro","https://anybox.ltd/folder-preview-pro"
"folx","https://mac.eltima.com/download-manager.html"
"fontcreator","https://www.high-logic.com/font-editor/fontcreator"
"fontfinagler","https://markdouma.com/fontfinagler/"
"fontlab","https://www.fontlab.com/font-editor/fontlab/"
"fork","https://fork.dev/"
"forklift","https://binarynights.com/"
"fossa","https://fossa.com/"
"foxglove","https://foxglove.dev/"
"fractal-bot","https://www.fractalaudio.com/fractal-bot/"
"frame0","https://frame0.app/"
"framer","https://www.framer.com/"
"franz","https://meetfranz.com/"
"freedom","https://freedom.to/"
"freeyourmusic","https://freeyourmusic.com/"
"fresh","https://ironicsoftware.com/fresh/"
"front","https://front.com/"
"ftdi-vcp-driver","https://www.ftdichip.com/Drivers/VCP.htm"
"fxfactory","https://fxfactory.com/"
"gamemaker","https://gamemaker.io/"
"gamma-control","https://michelf.ca/projects/gamma-control/"
"gams","https://www.gams.com/"
"garagesale","https://www.iwascoding.com/GarageSale/"
"garmin-express","https://www.garmin.com/en-US/software/express"
"gather","https://gather.town/"
"gdevelop","https://gdevelop.io/"
"geekbench-ai","https://www.geekbench.com/ai/"
"geekbench","https://www.geekbench.com/"
"gemini","https://macpaw.com/gemini"
"geneious-prime","https://www.geneious.com/"
"genesys-cloud","https://apps.mypurecloud.com/directory-mac/"
"get-api","https://getapi.io/"
"get-backup-pro","https://www.belightsoft.com/products/getbackup/"
"getoutline","https://getoutline.com/"
"ghost-browser","https://ghostbrowser.com/"
"gifox","https://gifox.io/"
"gitfinder","https://gitfinder.com/"
"gitfox","https://www.gitfox.app/"
"gitkraken-cli","https://github.com/gitkraken/gk-cli"
"gitkraken-on-premise-serverless","https://www.gitkraken.com/git-client/on-premise"
"gitkraken","https://www.gitkraken.com/"
"glkvm","https://www.gl-inet.com/app-rm/"
"glyphs","https://glyphsapp.com/"
"godspeed","https://godspeedapp.com/"
"goland","https://www.jetbrains.com/go/"
"gologin","https://gologin.com/"
"goodsync","https://www.goodsync.com/"
"gpg-suite-no-mail","https://gpgtools.org/"
"gpg-suite-pinentry","https://gpgtools.org/"
"gpg-suite","https://gpgtools.org/"
"gpt4all","https://www.nomic.ai/gpt4all/"
"grammarly-desktop","https://www.grammarly.com/desktop"
"grandtotal","https://www.mediaatelier.com/GrandTotal/"
"granola","https://www.granola.ai/"
"graphicconverter","https://www.lemkesoft.de/en/products/graphicconverter/"
"green-go-control","https://www.greengodigital.com/"
"grid","https://macgrid.app/"
"guitar-pro","https://www.guitar-pro.com/"
"gyazo","https://gyazo.com/"
"hackolade","https://hackolade.com/"
"halion-sonic","https://www.steinberg.net/vst-instruments/halion/sonic/"
"hamrs-pro","https://hamrs.app/"
"hazel","https://www.noodlesoft.com/"
"hazeover","https://hazeover.com/"
"hdhomerun","https://www.silicondust.com/support/downloads/"
"headset","https://headsetapp.co/"
"hedy","https://hedy.ai/"
"helo","https://usehelo.com/"
"helpwire-operator","https://www.helpwire.app/"
"heptabase","https://heptabase.com/"
"herd","https://herd.laravel.com/"
"hey-desktop","https://hey.com/"
"hhkb-studio","https://happyhackingkb.com/"
"hiarcs-chess-explorer","https://www.hiarcs.com/mac-chess-explorer.html"
"hides","https://hides.sweetpproductions.com/"
"highlight-ai","https://highlightai.com/"
"historyhound","https://www.stclairsoft.com/HistoryHound/"
"hma-vpn","https://www.hidemyass.com/index.html"
"homerow","https://www.homerow.app/"
"hookmark","https://hookproductivity.com/"
"hopper-disassembler","https://www.hopperapp.com/"
"hoppscotch-selfhost","https://hoppscotch.com/"
"hoppscotch","https://hoppscotch.com/"
"houdahspot","https://www.houdah.com/houdahSpot/"
"hp-easy-admin","https://support.hp.com/"
"hp-easy-start","https://support.hp.com/"
"huly","https://huly.io/"
"hummingbird","https://airvpn.org/hummingbird"
"hy-rpe2","https://hy-plugins.com/product/hy-rpewin-mac/"
"hype","https://tumult.com/hype/"
"hyperwhisper","https://hyperwhisper.com/"
"hytale","https://hytale.com/"
"i1profiler","https://www.xrite.com/service-support/product-support/formulation-and-qc-software/i1profiler"
"ia-presenter","https://ia.net/presenter"
"ibackup-viewer","https://www.imactools.com/iphonebackupviewer/"
"ibkr","https://www.interactivebrokers.com/"
"ibm-aspera-connect","https://www.ibm.com/aspera/connect/"
"ibm-cloud-cli","https://cloud.ibm.com/docs/cli/index.html"
"icab","https://www.icab.de/"
"icollections","https://naarakstudio.com/icollections/"
"iconchamp","https://www.macenhance.com/iconchamp"
"iconjar","https://geticonjar.com/"
"idagio","https://www.idagio.com/"
"idrive","https://www.idrive.com/"
"ik-product-manager","https://www.ikmultimedia.com/products/productmanager/"
"ilok-license-manager","https://ilok.com/#!license-manager"
"imaging-edge-webcam","https://support.d-imaging.sony.co.jp/app/webcam/en/"
"imaging-edge","https://creatorscloud.sony.net/catalog/en-us/ie-desktop/index.html"
"imazing-converter","https://imazing.com/converter"
"imazing-profile-editor","https://imazing.com/profile-editor"
"imazing","https://imazing.com/"
"incident-io","https://incident.io/"
"infinidesk","https://infinidesk.app/"
"infinity","https://startinfinity.com/"
"infra","https://infra.app/"
"inkdrop","https://www.inkdrop.info/"
"inmusic-software-center","https://www.airmusictech.com/downloads/"
"insomnia","https://insomnia.rest/"
"insta360-link-controller","https://www.insta360.com/"
"insta360-studio","https://www.insta360.com/"
"instantview","https://www.siliconmotion.com/"
"insync","https://www.insynchq.com/"
"integrity","https://peacockmedia.software/mac/integrity/"
"intellij-idea","https://www.jetbrains.com/idea/"
"internxt-drive","https://internxt.com/drive"
"intune-company-portal","https://docs.microsoft.com/en-us/mem/intune/user-help/enroll-your-device-in-intune-macos-cp"
"invoker","https://invoker.dev/"
"ipvanish-vpn","https://www.ipvanish.com/"
"ireal-pro","https://irealpro.com/"
"iriunwebcam","https://iriun.com/"
"ishowu-instant","https://www.shinywhitebox.com/ishowu-instant"
"istat-menus","https://bjango.com/mac/istatmenus/"
"istatistica-core","https://www.imagetasks.com/istatistica/core/"
"isubtitle","https://www.bitfield.se/isubtitle/"
"ivacy","https://www.ivacy.com/"
"ivolume","https://www.mani.de/en/ivolume/"
"ivpn","https://www.ivpn.net/en/apps-macos"
"izotope-product-portal","https://www.izotope.com/en/products/downloads.html"
"jaikoz","https://www.jthink.net/jaikoz/"
"jamie","https://www.meetjamie.ai/"
"jandi","https://www.jandi.com/landing/"
"jetbrains-gateway","https://www.jetbrains.com/remote-development/gateway/"
"jetbrains-space","https://www.jetbrains.com/space/"
"jetbrains-toolbox","https://www.jetbrains.com/toolbox-app/"
"jetdrive-toolbox","https://www.transcend-info.com/Support/Software-181/"
"jettison","https://stclairsoft.com/Jettison/"
"jottacloud","https://jottacloud.com/"
"jprofiler","https://www.ej-technologies.com/jprofiler"
"jump-desktop-connect","https://jumpdesktop.com/connect/"
"jump-desktop","https://jumpdesktop.com/#jdmac"
"jumpcloud-password-manager","https://cdn.pwm.jumpcloud.com/web/download.html#desktop"
"jumpshare","https://jumpshare.com/"
"juxtacode","https://juxtacode.app/"
"k8studio","https://k8studio.io/"
"kaleidoscope","https://kaleidoscope.app/"
"kameleo","https://kameleo.io/"
"karafun","https://www.karafun.com/"
"katalon-studio","https://katalon.com/download"
"keep-it","https://reinventedsoftware.com/keepit/"
"keeper-password-manager","https://keepersecurity.com/"
"keycombiner","https://keycombiner.com/"
"keycue","https://ergonis.com/keycue"
"keysafe","https://miln.eu/keysafe"
"keysmith","https://www.keysmith.app/"
"kigb","https://www.bannister.org/software/kigb.htm"
"kilohearts-installer","https://kilohearts.com/download/"
"kindavim","https://kindavim.app/"
"kiro-cli","https://kiro.dev/docs/cli/"
"kiro","https://kiro.dev/"
"kiwi-for-gmail","https://www.kiwiforgmail.com/"
"klokki","https://klokki.com/"
"knime","https://www.knime.com/"
"kodelife","https://hexler.net/kodelife"
"kogiqa","https://kogiQA.com/"
"kreya","https://kreya.app/"
"krisp","https://krisp.ai/"
"label-live","https://label.live/"
"languagetool-desktop","https://languagetool.org/"
"laserpecker-design-space","https://laserpecker.net/"
"lasso-app","https://thelasso.app/"
"last-window-quits","https://lawand.io/last-window-quits/"
"launchbar","https://www.obdev.at/products/launchbar/index.html"
"launchcontrol","https://www.soma-zone.com/LaunchControl/"
"launchos","https://launchosapp.com/"
"launchpad-manager","https://launchpadmanager.com/"
"leech","https://manytricks.com/leech/"
"letter-opener","https://winmail.help/"
"lexicon-dj","https://www.lexicondj.com/"
"lg-onscreen-control","https://www.lg.com/us/support/monitors"
"libndi","https://ndi.video/"
"liclipse","https://www.liclipse.com/"
"lightkey","https://lightkeyapp.com/"
"linear-linear","https://linear.app/"
"lingon-x","https://www.peterborgapps.com/lingon/"
"linqpad","https://www.linqpad.net/"
"liquibase-secure","https://www.liquibase.com/liquibase-secure"
"little-snitch","https://www.obdev.at/products/littlesnitch/index.html"
"live-home-3d","https://www.livehome3d.com/mac/live-home-3d"
"lo-rain","https://lo.cafe/lo-rain"
"localcan","https://www.localcan.com/"
"localxpose","https://localxpose.io/"
"locu","https://locu.app/"
"logitech-camera-settings","https://support.logi.com/hc/en-us/articles/360049055854"
"logitech-g-hub","https://www.logitechg.com/en-us/innovation/g-hub.html"
"logitech-presentation","https://support.logitech.com/en_au/product/spotlight-presentation-remote"
"logitune","https://www.logitech.com/en-us/video-collaboration/software/logi-tune-software.html"
"logmein-client","https://www.logmein.com/pro"
"logmein-hamachi","https://vpn.net/"
"logos","https://www.logos.com/"
"longplay","https://longplay.rocks/"
"lookaway","https://lookaway.com/"
"lookingglassstudio","https://look.glass/"
"loopback","https://rogueamoeba.com/loopback/"
"loupedeck","https://loupedeck.com/"
"lrtimelapse","https://lrtimelapse.com/"
"ltx-desktop","https://ltx.io/ltx-desktop"
"ludwig","https://ludwig.guru/"
"lunacy","https://icons8.com/lunacy"
"lunar-client","https://www.lunarclient.com/"
"lunar","https://lunar.fyi/"
"lunatask","https://lunatask.app/"
"luniistore","https://lunii.com/"
"lyn","https://www.lynapp.com/"
"lynx-whiteboard","https://www.lynxcloud.app/"
"m32-edit","https://www.midasconsoles.com/product.html?modelCode=0603-AEO"
"macbreakz","https://www.publicspace.net/MacBreakZ/"
"maccleaner-pro","https://nektony.com/mac-cleaner-pro"
"macdive","https://www.mac-dive.com/"
"macdroid","https://www.macdroid.app/"
"macloggerdx","https://www.dogparksoftware.com/MacLoggerDX.html"
"macpilot","https://www.koingosw.com/products/macpilot/"
"macpulse","https://macpulse.app/"
"macrorecorder","https://www.macrorecorder.com/"
"macs-fan-control","https://crystalidea.com/macs-fan-control"
"macsyzones","https://macsyzones.com/"
"macwhisper","https://goodsnooze.gumroad.com/l/macwhisper"
"macwinzipper","https://tida.co.jp/macwinzipper"
"mailbird","https://www.getmailbird.com/"
"mailbutler","https://www.mailbutler.io/"
"mailspring","https://getmailspring.com/"
"mailsteward","https://mailsteward.com/"
"mamp","https://www.mamp.info/"
"manico","https://manico.im/"
"manictime","https://www.manictime.com/"
"marked-app","https://marked2app.com/"
"marsedit","https://redsweater.com/marsedit/"
"marvel","https://marvelapp.com/"
"marvin","https://www.amazingmarvin.com/"
"master-pdf-editor","https://code-industry.net/masterpdfeditor/"
"mate-translate","https://gikken.co/mate-translate/mac/"
"mathpix-snipping-tool","https://mathpix.com/"
"mattermost","https://mattermost.com/"
"maxon","https://www.maxon.net/en/downloads/"
"mdb-accdb-viewer","https://eggerapps.at/mdbviewer/"
"mdrp","https://www.macdvdripperpro.com/"
"mds","https://twocanoes.com/products/mac/mds/"
"media-center","https://www.jriver.com/index.html"
"mediahuman-youtube-downloader","https://www.mediahuman.net/youtube-video-downloader/"
"mediamate","https://wouter01.github.io/MediaMate/"
"medis","https://getmedis.com/"
"megacmd-app","https://mega.nz/cmd"
"megasync","https://mega.nz/sync"
"meld-studio","https://www.meldstudio.co/"
"mellel","https://www.mellel.com/"
"melodics","https://melodics.com/"
"memory-meter-3","https://fiplab.com/apps/memory-clean-3-for-mac"
"memory-meter-3","https://fiplab.com/apps/memory-clean-3-for-mac"
"memory","https://memory.ai/timely/"
"mendeley-reference-manager","https://www.mendeley.com/download-reference-manager/macOS/"
"menubar-stats","https://seense.com/menubarstats/"
"menubarx","https://menubarx.app/"
"menuwhere","https://manytricks.com/menuwhere/"
"merlin-project","https://www.projectwizards.net/en/products/merlin-project/what-is"
"meru","https://meru.so/"
"mesh","https://me.sh/"
"mesh","https://me.sh/"
"meta","https://www.nightbirdsevolve.com/meta/"
"metaimage","https://neededapps.com/metaimage/"
"metarename","https://neededapps.com/metarename/"
"metashape","https://www.agisoft.com/"
"metashapepro","https://www.agisoft.com/"
"metavideo","https://neededapps.com/metavideo/"
"mia-for-gmail","https://www.miaforgmail.com/"
"micro-snitch","https://www.obdev.at/products/microsnitch/index.html"
"microblog","https://help.micro.blog/t/micro-blog-for-mac/45"
"microsoft-azure-storage-explorer","https://azure.microsoft.com/en-us/features/storage-explorer/"
"microsoft-excel","https://www.microsoft.com/en-US/microsoft-365/excel"
"microsoft-office-businesspro","https://www.microsoft.com/en-us/microsoft-365/mac/microsoft-365-for-mac/"
"microsoft-office","https://www.microsoft.com/en-us/microsoft-365/mac/microsoft-365-for-mac/"
"microsoft-onenote","https://www.microsoft.com/en-us/microsoft-365/onenote/digital-note-taking-app"
"microsoft-openjdk","https://microsoft.com/openjdk"
"microsoft-outlook","https://www.microsoft.com/en-us/microsoft-365/outlook/outlook-for-business"
"microsoft-powerpoint","https://www.microsoft.com/en-US/microsoft-365/powerpoint"
"microsoft-word","https://www.microsoft.com/en-US/microsoft-365/word"
"middle","https://middleclick.app/"
"milanote","https://www.milanote.com/"
"miln-movie-splitter","https://miln.eu/moviesplitter"
"mimestream","https://mimestream.com/"
"mindjet-mindmanager","https://www.mindjet.com/mindmanager/"
"mindmac","https://mindmac.app/"
"minecraft-server","https://www.minecraft.net/en-us/"
"minstaller","https://www.motionvfx.com/"
"miro","https://miro.com/"
"mission-control-plus","https://fadel.io/MissionControlPlus"
"missive","https://missiveapp.com/"
"mitti","https://imimot.com/mitti/"
"mixed-in-key-live","https://mixedinkey.com/live"
"mixed-in-key","https://mixedinkey.com/get11/"
"mixing-station","https://mixingstation.app/"
"mobirise","https://mobirise.com/"
"mochi","https://mochi.cards/"
"mockoon","https://mockoon.com/"
"mockuuups-studio","https://mockuuups.studio/"
"modern-csv","https://www.moderncsv.com/"
"moment","https://fireball.studio/moment"
"monarch","https://monarchlauncher.com/"
"moneydance","https://infinitekind.com/moneydance"
"moneymoney","https://moneymoney-app.com/"
"mongodb-compass-isolated-edition","https://www.mongodb.com/products/compass"
"mongodb-compass-readonly","https://www.mongodb.com/products/compass"
"mongodb-compass","https://www.mongodb.com/products/compass"
"monocle-app","https://monocle.heyiam.dk/"
"monodraw","https://monodraw.helftone.com/"
"monofocus","https://monofocus.app/"
"monologue","https://www.monologue.to/"
"monotype","https://support.monotype.com/en/articles/7860542-monotype-desktop-app"
"moom","https://manytricks.com/moom/"
"moradownloader","https://mora.jp/"
"morgen","https://morgen.so/"
"morisawa-desktop-manager","https://en.morisawafonts.com/"
"mosaic","https://lightpillar.com/mosaic.html"
"motion","https://www.usemotion.com/"
"motionik","https://motionik.com/"
"motu-m-series","https://motu.com/en-us/download/product/408/"
"mountain-duck","https://mountainduck.io/"
"mouseless","https://mouseless.click/"
"mousepose","https://boinx.com/mousepose/overview/"
"movist-pro","https://movistprime.com/"
"mozilla-vpn","https://vpn.mozilla.org/"
"mp3tag","https://mp3tag.app/"
"mplab-xc16","https://www.microchip.com/mplab/compilers"
"mplab-xc32","https://www.microchip.com/en-us/tools-resources/develop/mplab-xc-compilers/xc32"
"mplab-xc8","https://www.microchip.com/mplab/compilers"
"mplabx-ide","https://www.microchip.com/en-us/tools-resources/develop/mplab-x-ide"
"mpluginmanager","https://www.meldaproduction.com/downloads"
"mqttfx","https://www.softblade.de/"
"mqttx","https://mqttx.app/"
"msgfiler","https://msgfiler.com/"
"mstystudio","https://msty.ai/"
"mullvad-vpn","https://mullvad.net/"
"multitouch","https://multitouch.app/"
"multiviewer","https://multiviewer.app/"
"mumu-x","https://getmumu.com/"
"mural","https://mural.co/"
"murus","https://www.murusfirewall.com/"
"muteme","https://muteme.com/"
"mweb-pro","https://www.mweb.im/"
"mylio","https://mylio.com/"
"mysteriumdark","https://www.mysteriumvpn.com/"
"name-mangler","https://manytricks.com/namemangler/"
"nani","https://nani.now/"
"nanoleaf","https://nanoleaf.me/"
"nao","https://getnao.io/"
"native-access","https://www.native-instruments.com/en/specials/native-access-2/"
"navicat-for-mariadb","https://www.navicat.com/products/navicat-for-mariadb"
"navicat-for-mysql","https://www.navicat.com/products/navicat-for-mysql"
"navicat-for-oracle","https://www.navicat.com/products/navicat-for-oracle"
"navicat-for-postgresql","https://www.navicat.com/products/navicat-for-postgresql"
"navicat-for-sql-server","https://www.navicat.com/products/navicat-for-sqlserver"
"navicat-for-sqlite","https://www.navicat.com/products/navicat-for-sqlite"
"navicat-premium-lite","https://www.navicat.com/products/navicat-premium-lite"
"navicat-premium","https://www.navicat.com/products/navicat-premium"
"navigraph-charts","https://navigraph.com/"
"navigraph-simlink","https://navigraph.com/"
"ndi-tools","https://ndi.video/tools/"
"neofinder","https://www.cdfinder.de/"
"nessus","https://www.tenable.com/products/nessus"
"netdownloadhelpercoapp","https://www.downloadhelper.net/w/CoApp-Installation"
"nethlink","https://github.com/NethServer/nethlink"
"netspot","https://www.netspotapp.com/"
"netviews","https://www.netviews.app/"
"network-radar","https://www.witt-software.com/networkradar"
"netxms-console","https://netxms.com/"
"nextcloud-talk","https://nextcloud.com/talk/"
"nextcloud-vfs","https://nextcloud.com/"
"nextcloud","https://nextcloud.com/"
"ngrok","https://ngrok.com/"
"nifty-file-lists","https://www.publicspace.net/NiftyFileLists/"
"nifty","https://niftypm.com/"
"ninja-download-manager-ndm","https://ninjadownloadmanager.com/"
"nitro-pdf-pro","https://www.gonitro.com/pdf"
"nomachine-enterprise-client","https://www.nomachine.com/"
"nomachine","https://www.nomachine.com/"
"nordic-nrf-command-line-tools","https://www.nordicsemi.com/Software-and-Tools/Development-Tools/nRF-Command-Line-Tools"
"nordlayer","https://nordlayer.com/"
"nordlocker","https://nordlocker.com/"
"nordpass","https://nordpass.com/"
"northern-softworks-cache-cleaner","https://www.northernsoftworks.com/tahoecachecleaner.html"
"nota","https://nota.md/"
"notchnook","https://lo.cafe/notchnook"
"notebooks","https://www.notebooksapp.com/mac/"
"notepadexe","https://notepadexe.com/"
"notes-better","https://get-notes.com/"
"notesnook","https://notesnook.com/"
"noun-project","https://thenounproject.com/"
"nova","https://nova.app/"
"novabench","https://novabench.com/"
"novation-components","https://novationmusic.com/components/"
"novation-play","https://novationmusic.com/software/novation-play/"
"nozbe","https://nozbe.com/"
"nrf-connect","https://www.nordicsemi.com/Products/Development-tools/nRF-Connect-for-Desktop"
"nrfutil","https://www.nordicsemi.com/Products/Development-tools/nrf-util"
"nucleo","https://nucleoapp.com/"
"nuclino","https://www.nuclino.com/"
"obscura-vpn","https://obscura.net/"
"octarine","https://octarine.app/"
"october","https://october.utf9k.net/"
"odrive","https://www.odrive.com/"
"offset-explorer","https://www.kafkatool.com/index.html"
"ogdesign-eagle","https://eagle.cool/"
"ok-json","https://okjson.app/"
"oka-unarchiver","https://okaapps.com/product/1441507725"
"okta-advanced-server-access","https://help.okta.com/asa/en-us/Content/Topics/Adv_Server_Access/docs/sft-osx.htm"
"okta-verify","https://help.okta.com/eu/en-us/content/topics/end-user/ov-overview-macos.htm"
"ollama-app","https://ollama.com/"
"omnifocus","https://www.omnigroup.com/omnifocus/"
"omnigraffle","https://www.omnigroup.com/omnigraffle/"
"omnioutliner","https://www.omnigroup.com/omnioutliner/"
"omniplan","https://www.omnigroup.com/omniplan/"
"omnipresence","https://www.omnigroup.com/omnipresence"
"omnissa-horizon-client","https://www.omnissa.com/"
"onecast","https://www.onecast.me/"
"onedrive","https://www.microsoft.com/en-us/microsoft-365/onedrive/online-cloud-storage"
"onekey","https://onekey.so/"
"onlyoffice","https://www.onlyoffice.com/"
"opal-app","https://www.opal.so/"
"opal-composer","https://opalcamera.com/opal-composer"
"openaudible","https://openaudible.org/"
"openin","https://loshadki.app/openin4/"
"openwebstart","https://openwebstart.com/"
"optimus-player","https://www.optimusplayer.com/"
"oracle-data-modeler","https://www.oracle.com/database/sqldeveloper/technologies/sql-data-modeler/"
"oracle-jdk","https://www.oracle.com/java/technologies/downloads/"
"orbstack","https://orbstack.dev/"
"orcasheets","https://orcasheets.ai/"
"orka-desktop","https://github.com/macstadium/orka-desktop"
"orka-vm-tools","https://support.macstadium.com/hc/en-us"
"orka","https://orkadocs.macstadium.com/docs"
"orka3","https://support.macstadium.com/hc/en-us/articles/42514244203419-Orka3-CLI-Overview-Configuration"
"outline","https://www.outline.app/"
"output-factory","https://zevrix.com/OutputFactory/"
"overflow","https://stuntsoftware.com/overflow/"
"ovice","https://www.ovice.com/"
"ovito-pro","https://www.ovito.org/"
"owncloud","https://owncloud.com/"
"oxygen-xml-developer","https://www.oxygenxml.com/xml_developer.html"
"oxygen-xml-editor","https://www.oxygenxml.com/xml_editor.html"
"p4","https://www.perforce.com/products/helix-core-apps/command-line-client"
"p4v","https://www.perforce.com/products/helix-core-apps/helix-visual-client-p4v"
"pacifist","https://www.charlessoft.com/"
"pagico","https://www.pagico.com/"
"paintcode","https://www.paintcodeapp.com/"
"paletro","https://appmakes.io/paletro"
"paper-design","https://paper.design/"
"paper","https://paper.photos/"
"papers","https://www.readcube.com/home"
"paperspace","https://www.paperspace.com/app/"
"paragon-camptune","https://www.paragon-software.com/home/camptune/"
"parallels-client","https://www.parallels.com/products/ras/features/rdp-client/"
"parallels-virtualization-sdk","https://www.parallels.com/products/desktop/download/"
"parallels","https://www.parallels.com/products/desktop/"
"paranoia-file-text-encryption","https://paranoiaworks.mobi/pfte/"
"pareto-security","https://paretosecurity.com/"
"parsec","https://parsec.app/"
"passepartout","https://passepartoutvpn.app/"
"paste","https://pasteapp.io/"
"pastebot","https://tapbots.com/pastebot/"
"pastenow","https://pastenow.app/"
"path-finder","https://www.cocoatech.io/"
"paulxstretch","https://github.com/essej/paulxstretch"
"pcoipclient","https://anyware.hp.com/find/product/hp-anyware"
"pdf-converter-master","https://www.lightenpdf.com/pdf-converter-mac.html"
"pdf-expert","https://pdfexpert.com/"
"pdf-pals","https://pdfpals.com/"
"pdf-reader-pro","https://www.pdfreaderpro.com/"
"pdf-squeezer","https://witt-software.com/pdfsqueezer/"
"pdfelement","https://pdf.wondershare.com/"
"pdfify","https://pdfify.app/"
"perforce","https://www.perforce.com/"
"perimeter81","https://perimeter81.com/"
"permute","https://software.charliemonroe.net/permute/"
"philips-hue-sync","https://www.philips-hue.com/en-us/explore-hue/propositions/entertainment/sync-with-pc"
"phocus","https://www.hasselblad.com/phocus/"
"phoenix-code","https://phcode.io/"
"photoninja","https://www.picturecode.com/index.php"
"photosweeper-x","https://overmacs.com/"
"photosync","https://www.photosync-app.com/home.html"
"photozoom-pro","https://www.benvista.com/photozoompro"
"phpstorm","https://www.jetbrains.com/phpstorm/"
"picfindr","https://softorino.com/picfindr/"
"pichon","https://icons8.com/"
"piezo","https://rogueamoeba.com/piezo/"
"pikpak","https://mypikpak.com/"
"pimosa","https://pimosa.app/"
"pinegrow","https://pinegrow.com/"
"pinwheel","https://bjango.com/mac/pinwheel/"
"pitch","https://pitch.com/"
"pixelsnap","https://pixelsnap.com/"
"pktriot","https://packetriot.com/"
"plamo-translate","https://translate.preferredai.jp/"
"plasticity","https://www.plasticity.xyz/"
"plaud","https://www.plaud.ai/"
"playdate-mirror","https://play.date/mirror"
"playdate-simulator","https://play.date/dev/"
"plex-htpc","https://www.plex.tv/"
"plex-media-server","https://www.plex.tv/"
"plex","https://www.plex.tv/"
"plexamp","https://plexamp.com/"
"plistedit-pro","https://www.fatcatsoftware.com/plisteditpro/"
"pluginval","https://www.tracktion.com/develop/pluginval"
"poedit","https://poedit.net/"
"pokemon-tcg-live","https://tcg.pokemon.com/en-us/tcgl/"
"polymail","https://polymail.io/"
"polypane","https://polypane.app/"
"pop-app","https://pop.com/"
"popchar","https://www.ergonis.com/products/popcharx/"
"popclip","https://www.popclip.app/"
"popsql","https://popsql.com/"
"portalbox","https://portalboxapp.com/"
"postico","https://eggerapps.at/postico2/"
"postman-agent","https://www.postman.com/downloads/postman-agent/"
"postman-cli","https://www.postman.com/downloads/"
"postman","https://www.postman.com/"
"posture-pal","https://goodsnooze.gumroad.com/l/posturepal"
"power-manager","https://dssw.co.uk/powermanager/"
"powerphotos","https://www.fatcatsoftware.com/powerphotos/"
"ppsspp-emulator","https://www.ppsspp.org/"
"prepros","https://prepros.io/"
"presonus-universal-control","https://www.presonus.com/pages/universal-control"
"pretzel","https://www.pretzel.rocks/"
"prezi-video","https://prezi.com/video/"
"prince","https://www.princexml.com/"
"principle","https://principleformac.com/"
"printopia","https://www.decisivetactics.com/products/printopia/"
"prism","https://graphpad.com/"
"privadovpn","https://privadovpn.com/"
"private-internet-access","https://www.privateinternetaccess.com/"
"privileges","https://github.com/SAP/macOS-enterprise-privileges"
"prizmo","https://creaceed.com/prizmo"
"processspy","https://process-spy.app/"
"proclaim","https://proclaim.logos.com/"
"productive","https://productive.io/"
"profind","https://www.zeroonetwenty.com/profind/"
"pronotes","https://www.pronotes.app/"
"propresenter","https://renewedvision.com/propresenter/"
"proscoreboard","https://renewedvision.com/proscoreboard/"
"prosys-opc-ua-browser","https://prosysopc.com/products/opc-ua-browser/"
"protoio-overflow","https://overflow.io/"
"proton-drive","https://proton.me/drive"
"proton-mail-bridge","https://proton.me/mail/bridge"
"proton-mail","https://proton.me/mail"
"proton-meet","https://proton.me/meet"
"proton-pass","https://proton.me/pass"
"protonvpn","https://protonvpn.com/"
"protopie","https://www.protopie.io/"
"provideoplayer","https://renewedvision.com/provideoplayer/"
"proxifier","https://www.proxifier.com/"
"proxygen-app","https://proxygen.app/"
"proxyman","https://proxyman.com/"
"purevpn","https://www.purevpn.com/"
"pycharm","https://www.jetbrains.com/pycharm/"
"qbserve","https://qotoqot.com/qbserve/"
"qflipper","https://update.flipperzero.one/"
"qlab","https://qlab.app/"
"qobuz-downloader","https://www.qobuz.com/applications"
"qobuz","https://www.qobuz.com/applications"
"qt-creator","https://www.qt.io/developers/"
"qt-design-studio","https://www.qt.io/product/ui-design-tools"
"quakenotch","https://quakenotch.com/"
"quakespasm","https://quakespasm.sourceforge.net/"
"querious","https://www.araelium.com/querious/"
"quickbooks","https://quickbooks.intuit.com/desktop/"
"quicken","https://www.quicken.com/mac"
"quickwhisper","https://quickwhisper.app/"
"quip","https://quip.com/"
"quit-all","https://amicoapps.com/app/quit-all/"
"quo","https://www.quo.com/"
"radial","https://radial.appverge.net/"
"radio-silence","https://radiosilenceapp.com/"
"radiola","https://github.com/SokoloffA/radiola"
"raiderio","https://raider.io/"
"raindropio","https://raindrop.io/"
"rambox","https://rambox.app/"
"random-mouse-clicker","https://www.murgaa.com/"
"rapidweaver","https://www.realmacsoftware.com/rapidweaver/"
"ray","https://myray.app/"
"rayon","https://www.rayon.design/download"
"razorsql","https://razorsql.com/"
"rcloneview","https://rcloneview.com/"
"readdle-spark","https://sparkmailapp.com/"
"reader","https://readwise.io/read/"
"readwise-ibooks","https://readwise.io/ibooks"
"readyapi","https://smartbear.com/product/ready-api/"
"realforce","https://www.realforce.co.jp/"
"realvnc-connect","https://www.realvnc.com/"
"reaper","https://www.reaper.fm/"
"receipts","https://receipts-app.com/"
"rectangle-pro","https://rectangleapp.com/pro"
"recut","https://getrecut.com/"
"redcine-x-pro","https://www.red.com/"
"refine","https://refine.sh/"
"reflect","https://reflect.app/"
"reflector","https://www.airsquirrels.com/reflector/"
"rekordbox","https://rekordbox.com/en/"
"remember-the-milk","https://www.rememberthemilk.com/"
"remnote","https://www.remnote.com/"
"remote-buddy","https://www.iospirit.com/products/remotebuddy/"
"remote-desktop-manager","https://mac.remotedesktopmanager.com/"
"remote-wake-up","https://www.witt-software.com/remotewakeup/"
"remotehamradio","https://www.remotehamradio.com/"
"renamer","https://renamer.com/"
"replacicon","https://replacicon.app/"
"repo-prompt","https://repoprompt.com/"
"reqable","https://reqable.com/"
"requestly","https://requestly.com/"
"rescuetime","https://www.rescuetime.com/"
"resilio-sync","https://www.resilio.com/"
"resolume-arena","https://resolume.com/"
"resolutionator","https://manytricks.com/resolutionator/"
"restapia","https://www.restapia.app/"
"retcon","https://retcon.app/"
"retrobatch","https://flyingmeat.com/retrobatch/"
"retrospective","https://retrospective.centeractive.com/"
"reunion","https://www.leisterpro.com/"
"reveal","https://revealapp.com/"
"reverso","https://context.reverso.net/translation/windows-mac-app"
"revolver-office","https://www.revolver.info/"
"rewritebar","https://rewritebar.com/"
"rhino-app","https://www.rhino3d.com/"
"rider","https://www.jetbrains.com/rider/"
"rightfont","https://rightfontapp.com/"
"ringcentral","https://www.ringcentral.com/download.html"
"rippling","https://www.rippling.com/device-management"
"ripx","https://hitnmix.com/"
"rive","https://rive.app/"
"riverside-studio","https://riverside.fm/"
"rize","https://rize.io/"
"roam-research","https://roamresearch.com/"
"roam","https://ro.am/"
"robofont","https://robofont.com/"
"roboform","https://www.roboform.com/"
"rocket-chat","https://rocket.chat/"
"rocket-typist","https://witt-software.com/rockettypist/"
"rocket","https://matthewpalmer.net/rocket/"
"rode-central","https://rode.com/en/apps/rode-central"
"rode-connect","https://rode.com/en-us/software/rodeconnect"
"rode-unify","https://rode.com/en/apps/unify"
"rode-virtual-channels","https://rode.com/en/user-guides/rodecaster-pro-ii/virtual-devices"
"rodecaster","https://rode.com/en/apps/rodecaster-app"
"roon","https://roonlabs.com/"
"rotato","https://rotato.app/"
"rotki","https://rotki.com/"
"rouvy","https://rouvy.com/"
"rowboat","https://www.rowboatlabs.com/"
"rowmote-helper","https://regularrateandrhythm.com/apps/rowmote-pro/"
"royal-tsx","https://www.royalapps.com/ts/mac/features"
"rstudio","https://posit.co/products/open-source/rstudio/"
"rubymine","https://www.jetbrains.com/ruby/"
"runjs","https://runjs.app/"
"rustdesk","https://rustdesk.com/"
"rustrover","https://www.jetbrains.com/rust/"
"safeincloud-password-manager","https://www.safe-in-cloud.com/"
"saleae-logic","https://www.saleae.com/"
"sauce-connect","https://docs.saucelabs.com/secure-connections/sauce-connect-5/"
"scapple","https://www.literatureandlatte.com/scapple.php"
"scene-maestro","https://sceni.ca/en/scene-maestro/"
"scenebuilder","https://gluonhq.com/products/scene-builder/"
"scenica-player","https://sceni.ca/en/player/"
"screaming-frog-log-file-analyser","https://www.screamingfrog.co.uk/log-file-analyser/"
"screaming-frog-seo-spider","https://www.screamingfrog.co.uk/seo-spider/"
"screen-studio","https://screen.studio/"
"screenflick","https://www.araelium.com/screenflick-mac-screen-recorder"
"screenflow","https://www.telestream.net/screenflow/"
"screenfocus","https://www.apptorium.com/screenfocus"
"screenmemory","https://screenmemory.app/"
"scrivener","https://www.literatureandlatte.com/scrivener/overview"
"scroll","https://ryanhanson.dev/scroll"
"sdm","https://www.strongdm.com/"
"seadrive","https://www.seafile.com/en/home/"
"seafile-client","https://www.seafile.com/"
"seam-app","https://getseam.app/"
"securityspy","https://www.bensoftware.com/securityspy/"
"segger-embedded-studio-for-arm","https://www.segger.com/products/development-tools/embedded-studio"
"segger-jlink","https://www.segger.com/downloads/jlink"
"segger-ozone","https://www.segger.com/downloads/jlink#Ozone"
"sejda-pdf","https://www.sejda.com/en/desktop"
"sencha","https://www.sencha.com/products/sencha-cmd/"
"sensei","https://cindori.com/sensei"
"sentinel","https://docs.hashicorp.com/sentinel"
"serial-studio","https://serial-studio.github.io/"
"serial","https://www.decisivetactics.com/products/serial/"
"serverbuddy","https://serverbuddy.app/"
"serviio","https://serviio.org/"
"sessionrestore","https://sessionrestore.sweetpproductions.com/"
"setapp","https://setapp.com/"
"shadow","https://shadow.tech/"
"shapes","https://shapesapp.com/"
"shapr3d","https://www.shapr3d.com/"
"sharemouse","https://www.sharemouse.com/"
"shearwater-cloud","https://shearwater.com/"
"shift","https://shift.com/"
"shortwave","https://www.shortwave.com/"
"showmeyourhotkeys","https://showmeyourhotkeys.moxadventu.com/"
"sidenotes","https://www.apptorium.com/sidenotes"
"sigmaos","https://sigmaos.com/"
"silo","https://nevercenter.com/silo/"
"sim-genie","https://simgenie.app/"
"simpholders","https://simpholders.com/"
"simplemind","https://simpleapps.eu/"
"singlebox","https://singlebox.app/en/"
"singlecrystal","https://crystalmaker.com/singlecrystal/index.html"
"sip-app","https://sipapp.io/"
"sipgate-softphone","https://www.sipgate.de/softphone-download"
"sipgate","https://www.sipgate.de/app"
"sitesucker-pro","https://ricks-apps.com/osx/sitesucker/index.html"
"siyuan","https://github.com/siyuan-note/siyuan"
"sizzy","https://sizzy.co/"
"sketchup","https://sketchup.trimble.com/en"
"slab","https://slab.com/"
"sleep-aid","https://ohanaware.com/sleepaid/"
"slidepad","https://slidepad.app/"
"slideshower","https://slideshower.com/"
"slite","https://slite.com/"
"smart-converter-pro","https://shedworx.com/smart-converter-pro"
"smartgit","https://www.smartgit.dev/"
"smartsheet","https://www.smartsheet.com/"
"smartsvn","https://www.smartsvn.com/"
"smartsynchronize","https://www.syntevo.com/smartsynchronize/"
"smooze-pro","https://smooze.co/"
"smultron","https://www.peterborgapps.com/smultron/"
"snagit","https://www.techsmith.com/screen-capture.html"
"snapmotion","https://neededapps.com/snapmotion/"
"softraid","https://www.softraid.com/"
"softube-central","https://www.softube.com/"
"songkong","https://www.jthink.net/songkong/"
"sony-ps-remote-play","https://remoteplay.dl.playstation.net/remoteplay/lang/en/"
"soothe2","https://oeksound.com/plugins/soothe2/"
"soulver","https://soulver.app/"
"sound-control","https://staticz.com/soundcontrol/"
"sound-siphon","https://staticz.com/soundsiphon/"
"soundsource","https://rogueamoeba.com/soundsource/"
"soundtoys","https://www.soundtoys.com/product/soundtoys/"
"sourcenote","https://www.sourcenoteapp.com/"
"space-capsule","https://spacecapsule.app/"
"spacewalker","https://academy.viture.com/xr_glasses/spacewalker_mac"
"spamsieve","https://c-command.com/spamsieve/"
"speedify","https://speedify.com/"
"spitfire-audio","https://www.spitfireaudio.com/info/library-manager/"
"splashtop-business","https://www.splashtop.com/business"
"splashtop-personal","https://www.splashtop.com/personal"
"splashtop-streamer","https://www.splashtop.com/downloads"
"splice","https://splice.com/"
"spline","https://spline.design/"
"spotify","https://www.spotify.com/"
"spotify4bigsur","https://github.com/fabiusBile/Spotify4BigSur"
"sqleditor","https://www.malcolmhardie.com/sqleditor/"
"sqlitemanager","https://www.sqlabs.com/sqlitemanager.php"
"sqlpro-for-mssql","https://www.macsqlclient.com/"
"sqlpro-for-mysql","https://www.mysqlui.com/"
"sqlpro-for-postgres","https://www.macpostgresclient.com/SQLProPostgres"
"sqlpro-for-sqlite","https://www.sqlitepro.com/"
"sqlpro-studio","https://www.sqlprostudio.com/"
"squash","https://www.realmacsoftware.com/squash/"
"ssh-config-editor","https://www.hejki.org/ssheditor/"
"stash","https://stash.ws/"
"stashpad","https://www.stashpad.com/"
"steermouse","https://plentycom.jp/en/steermouse/"
"steinberg-activation-manager","https://o.steinberg.net/en/support/content_and_accessories/steinberg_activation_manager.html"
"steinberg-library-manager","https://o.steinberg.net/en/support/downloads/steinberg_library_manager.html"
"steinberg-mediabay","https://o.steinberg.net/en/support/downloads/steinberg_mediabay.html"
"stirling-pdf","https://stirlingpdf.com/"
"stoplight-studio","https://stoplight.io/studio/"
"strawberry","https://strawberrybrowser.com/"
"streamlabs","https://streamlabs.com/"
"studio-3t","https://studio3t.com/"
"subgit","https://subgit.com/"
"sublime-merge","https://www.sublimemerge.com/"
"sublime-text","https://www.sublimetext.com/"
"submariner","https://submarinerapp.com/"
"sunsama","https://www.sunsama.com/desktop"
"supasidebar","https://supasidebar.com/"
"superduper","https://www.shirt-pocket.com/SuperDuper/SuperDuperDescription.html"
"superhuman","https://superhuman.com/"
"superkey","https://superkey.app/"
"superlist","https://www.superlist.com/"
"supernotes","https://supernotes.app/"
"superwhisper","https://superwhisper.com/"
"supremo","https://www.supremocontrol.com/"
"surfshark","https://surfshark.com/"
"surge","https://nssurge.com/"
"suuntodm5","https://www.suunto.com/Support/software-support/dm5/"
"swift-publisher","https://www.swiftpublisher.com/"
"swinsian","https://swinsian.com/"
"synalyze-it-pro","https://www.synalysis.net/"
"sync","https://www.sync.com/"
"syncovery","https://www.syncovery.com/"
"syncroom","https://syncroom.yamaha.com/"
"synology-drive","https://www.synology.com/"
"synology-image-assistant","https://www.synology.com/"
"synology-surveillance-station-client","https://www.synology.com/surveillance/"
"synthesia","https://www.synthesiagame.com/"
"sys-pc-tool","https://www.syride.com/"
"tableau-prep","https://www.tableau.com/products/prep"
"tableau-public","https://public.tableau.com/s/"
"tableau-reader","https://www.tableau.com/products/reader"
"tableau","https://www.tableau.com/products/desktop"
"tableflip","https://tableflipapp.com/"
"tablen","https://tablen.app/"
"tabtab","https://tabtabapp.net/"
"tageditor","https://amvidia.com/tag-editor"
"tailscale-app","https://tailscale.com/"
"tal-drum","https://tal-software.com/products/tal-drum"
"tana","https://tana.inc/"
"tandem","https://tandem.chat/"
"taskade","https://www.taskade.com/"
"taskbar","https://lawand.io/taskbar/"
"taskpaper","https://www.taskpaper.com/"
"tdr-kotelnikov","https://www.tokyodawn.net/tdr-kotelnikov/"
"tdr-molotok","https://www.tokyodawn.net/tdr-molotok/"
"tdr-nova","https://www.tokyodawn.net/tdr-nova/"
"tdr-prism","https://www.tokyodawn.net/tdr-prism/"
"tdr-vos-slickeq","https://www.tokyodawn.net/tdr-vos-slickeq/"
"teacode","https://www.apptorium.com/teacode"
"teamviewer-host","https://www.teamviewer.com/"
"teamviewer-quickjoin","https://www.teamviewer.com/"
"teamviewer-quicksupport","https://www.teamviewer.com/"
"teamviewer","https://www.teamviewer.com/"
"teamviewermeeting","https://www.teamviewer.com/meeting/"
"techsmith-capture","https://www.techsmith.com/jing-tool.html"
"teleport-connect","https://goteleport.com/"
"teleport-suite","https://goteleport.com/"
"tella","https://www.tella.tv/"
"tenable-nessus-agent","https://www.tenable.com/"
"tentacle-sync-studio","https://tentaclesync.com/"
"termius","https://www.termius.com/"
"testfully","https://docs.testfully.io/"
"texifier","https://www.texifier.com/mac"
"textbuddy","https://retina.studio/textbuddy/"
"textexpander","https://textexpander.com/"
"textsniper","https://textsniper.app/"
"textual","https://www.codeux.com/textual/"
"texturepacker","https://www.codeandweb.com/texturepacker"
"tg-pro","https://www.tunabellysoftware.com/tgpro/"
"the-archive","https://zettelkasten.de/the-archive/"
"the-clock","https://seense.com/the_clock/"
"thebrain","https://www.thebrain.com/"
"thelowtechguys-cling","https://lowtechguys.com/cling"
"thingsmacsandboxhelper","https://culturedcode.com/things/help/things-sandboxing-helper-things3/"
"threema-work","https://threema.com/products/work"
"threema","https://threema.ch/"
"ti-smartview-ce-for-the-ti-84-plus-family","https://education.ti.com/en/products/computer-software/ti-smartview-ce-for-84"
"ticktick","https://www.ticktick.com/"
"tidal","https://support.tidal.com/hc/en-us"
"time-out","https://www.dejal.com/timeout/"
"time-sink","https://manytricks.com/timesink/"
"timecamp","https://www.timecamp.com/"
"timemator","https://timemator.com/"
"timeular","https://early.app/"
"timing","https://timingapp.com/"
"tinderbox","https://eastgate.com/Tinderbox/"
"tinkerwell","https://tinkerwell.app/"
"tiny-shield","https://tinyshield.proxyman.com/"
"tinymediamanager","https://www.tinymediamanager.org/"
"tm-error-logger","https://carnationsoftware.com/TM_Error_Log_WebPage.html"
"to-audio-converter","https://amvidia.com/to-audio-converter"
"todoist-app","https://todoist.com/home"
"toneprint","https://www.tcelectronic.com/tonePrints.html"
"topaz-gigapixel","https://www.topazlabs.com/topaz-gigapixel"
"topaz-photo","https://www.topazlabs.com/topaz-photo"
"topaz-video","https://www.topazlabs.com/topaz-video"
"torguard","https://torguard.net/"
"toshiba-color-mfp","https://business.toshiba.com/support"
"touch-portal","https://www.touch-portal.com/"
"touchdesigner","https://derivative.ca/"
"touchosc-bridge","https://hexler.net/touchosc"
"touchosc-editor","https://hexler.net/touchosc-mk1"
"touchosc","https://hexler.net/touchosc"
"touchswitcher","https://hazeover.com/touchswitcher.html"
"tourbox-console","https://www.tourboxtech.com/"
"tower","https://www.git-tower.com/"
"tpvirtual","https://www.trainingpeaks.com/virtual/"
"trader-workstation","https://www.interactivebrokers.com/"
"transcribe","https://www.seventhstring.com/xscribe/overview.html"
"transfer","https://www.intuitibits.com/products/transfer/"
"transmit","https://panic.com/transmit/"
"tresorit","https://tresorit.com/"
"tripmode","https://www.tripmode.ch/"
"tritium","https://tritium.legal/"
"trivial","https://www.decisivetactics.com/products/trivial/"
"truhu","https://truhu.app/"
"trunk-io","https://trunk.io/"
"tuist","https://tuist.io/"
"tunein","https://tunein.com/"
"tunetag","https://tunetag.sweetpproductions.com/"
"tunnelbear","https://www.tunnelbear.com/"
"tuple","https://tuple.app/"
"turbo-boost-switcher","https://www.rugarciap.com/turbo-boost-switcher-for-os-x/"
"tuta-mail","https://tuta.com/"
"tuxera-ntfs","https://ntfsformac.tuxera.com/"
"ua-midi-control","https://fonoflow.com/products/ua-midi-control"
"ubar","https://brawersoftware.com/products/ubar"
"unblocked","https://getunblocked.com/"
"unclutter","https://unclutterapp.com/"
"understand","https://scitools.com/features"
"unifi-identity-endpoint","https://www.ui.com/identity"
"unifi-identity-enterprise","https://www.ui.com/identity"
"uniflash","https://www.ti.com/tool/UNIFLASH"
"unite","https://bzgapps.com/unite"
"unity-android-support-for-editor","https://unity.com/products"
"unity-hub","https://unity3d.com/get-unity/download"
"unity-ios-support-for-editor","https://unity.com/products"
"unity-webgl-support-for-editor","https://unity.com/products"
"unity-windows-support-for-editor","https://unity.com/products"
"unity","https://unity.com/"
"unraid-usb-creator-next","https://unraid.net/download/"
"updatest","https://updatest.app/"
"updf","https://updf.com/"
"upscayl","https://upscayl.org/"
"usenapp","https://www.usenapp.com/"
"vagrant-vmware-utility","https://developer.hashicorp.com/vagrant/docs/providers/vmware"
"vallum","https://www.vallumfirewall.com/"
"vanilla","https://matthewpalmer.net/vanilla/"
"vb-cable","https://vb-audio.com/Cable/index.htm"
"vcam","https://vcam.ai/"
"vcamapp","https://vcamapp.com/en"
"veepn","https://veepn.com/vpn-apps/vpn-for-mac/"
"vellum","https://vellum.pub/"
"vernier-spectral-analysis","https://www.vernier.com/product/spectral-analysis/"
"versions","https://versionsapp.com/"
"vezer","https://imimot.com/vezer/"
"vibe-island","https://vibeisland.app/"
"videoduke","https://www.video-downloader-mac.com/"
"vienna-assistant","https://www.vsl.co.at/manuals/getting-started/va"
"vimcal","https://vimcal.com/"
"vimy","https://eclecticlight.co/virtualisation-on-apple-silicon/"
"virtual-desktop-streamer","https://www.vrdesktop.net/"
"virtualbuddy","https://github.com/insidegui/VirtualBuddy"
"virtualdj","https://virtualdj.com/"
"virtualhere","https://www.virtualhere.com/usb_client_software"
"virtualhereserver","https://www.virtualhere.com/osx_server_software"
"viscosity","https://www.sparklabs.com/viscosity/"
"vitalsource-bookshelf","https://www.vitalsource.com/bookshelf-features"
"vitamin-r","https://www.publicspace.net/Vitamin-R/"
"vivid-app","https://www.getvivid.app/"
"vnc-server","https://www.realvnc.com/"
"vocaster-hub","https://focusrite.com/vocaster"
"voiceink","https://tryvoiceink.com/"
"voicenotes","https://voicenotes.com/"
"voicepeak","https://www.ah-soft.com/voice/"
"volanta","https://volanta.app/"
"voov-meeting","https://voovmeeting.com/"
"vox","https://vox.rocks/mac-music-player"
"vpn-tracker-365","https://vpntracker.com/"
"vrampro","https://vrampro.com/"
"vrew","https://vrew.voyagerx.com/"
"vsd-viewer","https://nektony.com/free-visio-viewer-mac"
"vsdx-annotator","https://nektony.com/products/vsdx-annotator-mac"
"vsee","https://vsee.com/"
"vuescan","https://www.hamrick.com/"
"vyprvpn","https://www.vyprvpn.com/"
"vysor","https://www.vysor.io/"
"wacom-tablet","https://www.wacom.com/en-us/support/product-support/drivers"
"wakatime","https://wakatime.com/mac"
"wallspace","https://wallspace.app/"
"wavebox","https://wavebox.io/"
"waveforms","https://digilent.com/reference/software/waveforms/waveforms-3/start"
"waves-central","https://www.waves.com/"
"webcatalog","https://webcatalog.io/"
"webex-meetings","https://www.webex.com/"
"webex","https://www.webex.com/"
"webstorm","https://www.jetbrains.com/webstorm/"
"whatsize","https://www.whatsizemac.com/"
"whimsical","https://whimsical.com/"
"whyfi","https://whyfi.network/"
"wifi-explorer-pro","https://www.intuitibits.com/products/wifi-explorer/"
"wifi-explorer","https://www.intuitibits.com/products/wifi-explorer/"
"wifiman","https://wifiman.com/"
"wifispoof","https://wifispoof.com/"
"winbox","https://mikrotik.com/"
"winclone","https://twocanoes.com/products/mac/winclone"
"windows-app","https://aka.ms/WindowsApp"
"wins","https://wins.cool/"
"winzip","https://www.winzip.com/mac/en/winzip.html"
"wirecast","https://www.telestream.net/wirecast/"
"wispr-flow","https://wisprflow.ai/"
"wizcli","https://www.wiz.io/"
"wondershare-filmora","https://filmora.wondershare.com/video-editor-mac/"
"wondershare-uniconverter","https://videoconverter.wondershare.com/"
"wooshy","https://wooshy.app/"
"wootility","https://wooting.io/wootility"
"workflowy","https://workflowy.com/downloads/mac/"
"worksheet-crafter","https://worksheetcrafter.com/"
"workspace-one-intelligent-hub","https://www.getwsone.com/"
"workspaces","https://www.apptorium.com/workspaces"
"wrike","https://www.wrike.com/apps/mobile-and-desktop/desktop-app/"
"writemapper","https://writemapper.com/"
"wrkspace","https://wrkspace.co/"
"x-air-edit","https://www.behringer.com/series.html?category=R-BEHRINGER-XAIRSERIES"
"x32-edit","https://www.behringer.com/product.html?modelCode=0603-ACE"
"xliff-editor","https://xliffedit.com/"
"xmind","https://www.xmind.net/"
"xmlmind-editor","https://www.xmlmind.com/xmleditor/"
"xmplify","https://xmplifyapp.com/"
"xnapper","https://xnapper.com/"
"xnconvert","https://www.xnview.com/en/xnconvert/"
"xppen-pentablet","https://www.xp-pen.com/"
"xscope","https://xscopeapp.com/"
"xsplit-vcam","https://www.xsplit.com/vcam"
"yaak","https://yaak.app/"
"yam-display","https://www.yamdisplay.com/"
"yate","https://2manyrobots.com/yate/"
"yep","https://www.ironicsoftware.com/yep/"
"yoink","https://eternalstorms.at/yoink/mac/"
"yojimbo","https://www.barebones.com/products/yojimbo/"
"youlean-loudness-meter","https://youlean.co/youlean-loudness-meter/"
"yousician","https://yousician.com/"
"yubico-authenticator","https://developers.yubico.com/yubioath-flutter/"
"yubihsm2-sdk","https://developers.yubico.com/YubiHSM2/"
"zeplin","https://zeplin.io/"
"zerotier-one","https://www.zerotier.com/"
"zight","https://zight.com/"
"zipic","https://zipic.app/"
"znote","https://znote.io/"
"zo","https://www.zo.computer/"
"zoc","https://www.emtec.com/zoc/"
"zoho-cliq","https://www.zoho.com/cliq/desktop/osx.html"
"zoo-design-studio","https://zoo.dev/design-studio"
"zoom-for-it-admins","https://www.zoom.us/"
"zoom-m3-edit-and-play","https://zoomcorp.com/en/us/software-product-page/software-sub-cat/m3-edit-and-play/"
"zulip","https://zulip.com/"
"zulu","https://www.azul.com/downloads/"
"zulufx","https://www.azul.com/downloads/"
"zwift","https://www.zwift.com/"
